Produto Amazon;Melhor correspondência ML;Similaridade
samsung lavadora digital inverter ww11t inox 11kg 220v;lava e seca samsung wd11m com digital inverter branca 11kg cor branco;0.669
samsung lavadora digital inverter ww11t inox 11kg 220v;lava e seca samsung wd11m com digital inverter branca 11kg cor branco;0.669
samsung lavadora digital inverter ww11t inox 11kg 220v;lava e seca samsung wd11m com digital inverter branca 11kg cor branco;0.669
samsung lavadora digital inverter ww11t inox 11kg 220v;lava e seca samsung wd11m com digital inverter branca 11kg cor branco;0.669
samsung lavadora digital inverter ww11t inox 11kg 220v;lava e seca samsung wd11m com digital inverter branca 11kg cor branco;0.669
samsung lavadora digital inverter ww11t inox 11kg 220v;lava e seca samsung wd11m com digital inverter branca 11kg cor branco;0.669
samsung lavadora digital inverter ww11t inox 11kg 220v;lava e seca samsung wd11m com digital inverter branca 11kg cor branco;0.669
samsung lavadora digital inverter ww11t inox 11kg 220v;lava e seca samsung wd11m com digital inverter branca 11kg cor branco;0.669
samsung lavadora digital inverter ww11t inox 11kg 220v;lava e seca samsung wd11m com digital inverter branca 11kg cor branco;0.669
samsung lavadora digital inverter ww11t inox 11kg 220v;lava e seca samsung wd11m com digital inverter branca 11kg cor branco;0.669
